,Model Type,Score
1,KNN,0.677777778
3,RFC,0.755555556