,Model Type,Score
1,KNN,0.7336065573770492
3,RFC,0.7581967213114754
