,Model Type,Score
1,KNN,0.7555555555555555
3,RFR,0.6777777777777778
